<?xml version='1.0' encoding='utf-8'?>
<!--
  ~ Hibernate, Relational Persistence for Idiomatic Java
  ~
  ~ License: GNU Lesser General Public License (LGPL), version 2.1 or later.
  ~ See the lgpl.txt file in the root directory or <http://www.gnu.org/licenses/lgpl-2.1.html>.
  -->
<!DOCTYPE hibernate-configuration PUBLIC
        "-//Hibernate/Hibernate Configuration DTD 3.0//EN"
        "http://www.hibernate.org/dtd/hibernate-configuration-3.0.dtd">

<hibernate-configuration>

    <session-factory>

        <!-- Database connection settings -->
        <property name="connection.driver_class">org.h2.Driver</property>
        <property name="connection.url">jdbc:h2:~/OneDrive\Pulpit\mavhib\db</property>
        <property name="connection.username">sa</property>
        <property name="connection.password"/>

        <!-- JDBC connection pool (use the built-in) -->
        <property name="connection.pool_size">2</property>

        <!-- SQL dialect -->
        <property name="dialect">org.hibernate.dialect.H2Dialect</property>

        <!-- Echo all executed SQL to stdout -->
        <property name="show_sql">true</property>

        <!-- Drop and re-create the database schema on startup -->
        <property name="hbm2ddl.auto">validate</property>

        <!-- Names the annotated entity class -->
        <mapping class="Draxawox.lang.Lang"/>
        <mapping class="Draxawox.todo.Todo"/>

    </session-factory>

</hibernate-configuration>